ID,TENANT_ID,TYPE,SUB_TYPE,EVENT_TYPE,EVENT_ID,EVENT_DETAILS,INTEGRATION_ID,STATUS,STEP,REPO,REF,REPO_DETAILS,BRANCH,FINDINGS_SUMMARY,RESOURCES_SUMMARY,CREATED_BY,CREATED_AT,UPDATED_AT,ERRORS_COUNT,ADDITIONAL_DETAILS
42f5048b-a6ab-4085-bbdc-5c032b45d5e5,29c3501c-da12-460c-93f5-406369f71b35,CICD,GITHUB_ACTION,Build,14,"{
  ""action"": ""iac-scan"",
  ""commit_url"": ""https://github.com/ptayal-cwp/ptiacalertactions/commit/438c58dca8b5ff1f9596862bfd388658044ea067"",
  ""compare_url"": ""https://github.com/ptayal-cwp/ptiacalertactions/compare/46438603cc4b...438c58dca8b5"",
  ""created_at"": 1658845088,
  ""externalId"": 2740159275,
  ""trigger_type"": ""push"",
  ""user_avatar"": ""https://avatars.githubusercontent.com/u/109062406?v=4"",
  ""user_url"": ""https://github.com/ptayal-cwp"",
  ""workflow"": ""Test""
}",95d3c8f7-5868-4b39-a0ab-44d84ef78376,COMPLETED,ScanResultPublished,https://github.com/ptayal-cwp/ptiacalertactions,438c58dca8b5ff1f9596862bfd388658044ea067,"{
  ""default_branch"": ""main"",
  ""full_name"": ""ptayal-cwp/ptiacalertactions"",
  ""id"": 513849006,
  ""name"": ""ptiacalertactions"",
  ""owner"": ""ptayal-cwp"",
  ""updated_time"": ""2022-07-14T10:16:17Z"",
  ""url"": ""https://github.com/ptayal-cwp/ptiacalertactions"",
  ""visibility"": ""public""
}",main,,"{
  ""cloud_types"": [
    ""AWS""
  ],
  ""resource_types"": [
    ""aws_s3_bucket""
  ],
  ""template_types"": [
    ""terraform""
  ]
}",ptayal-cwp,2022-07-26T07:18:08.641Z,2022-07-26T07:18:18.664Z,,{}
fc1c693f-1842-4ae0-9b99-e11bfb912f61,29c3501c-da12-460c-93f5-406369f71b35,CICD,GITHUB_ACTION,Build,13,"{
  ""action"": ""iac-scan"",
  ""base_url"": ""https://github.com/ptayal-cwp/ptiacalertactions"",
  ""created_at"": ""2022-07-26T14:17:14Z"",
  ""diff_url"": ""https://github.com/ptayal-cwp/ptiacalertactions/pull/7.diff"",
  ""externalId"": 2740158578,
  ""head_url"": ""https://github.com/ptayal-cwp/ptiacalertactions"",
  ""pr_url"": ""https://github.com/ptayal-cwp/ptiacalertactions/pull/7"",
  ""trigger_type"": ""pull_request"",
  ""updated_at"": ""2022-07-26T14:17:14Z"",
  ""user_avatar"": ""https://avatars.githubusercontent.com/u/109062406?v=4"",
  ""user_url"": ""https://github.com/ptayal-cwp"",
  ""workflow"": ""Test""
}",95d3c8f7-5868-4b39-a0ab-44d84ef78376,COMPLETED,ScanResultPublished,https://github.com/ptayal-cwp/ptiacalertactions,6452c446755e86210e8d1f62810d4e9b9aa99299,"{
  ""default_branch"": ""main"",
  ""full_name"": ""ptayal-cwp/ptiacalertactions"",
  ""id"": 513849006,
  ""name"": ""ptiacalertactions"",
  ""updated_time"": ""2022-07-14T10:16:17Z"",
  ""url"": ""https://github.com/ptayal-cwp/ptiacalertactions"",
  ""visibility"": ""public""
}",testpt2,,"{
  ""cloud_types"": [
    ""AWS""
  ],
  ""resource_types"": [
    ""aws_s3_bucket""
  ],
  ""template_types"": [
    ""terraform""
  ]
}",ptayal-cwp,2022-07-26T07:17:57.879Z,2022-07-26T07:18:07.109Z,,{}
e251a74d-c8d3-44b5-8575-6be79512bbf2,29c3501c-da12-460c-93f5-406369f71b35,CICD,GITHUB_ACTION,Build,12,"{
  ""action"": ""iac-scan"",
  ""commit_url"": ""https://github.com/ptayal-cwp/ptiacalertactions/commit/46438603cc4b4f88aa5b68b9258f486ed8037527"",
  ""compare_url"": ""https://github.com/ptayal-cwp/ptiacalertactions/compare/11afb0ffd926...46438603cc4b"",
  ""created_at"": 1658844979,
  ""externalId"": 2740144364,
  ""trigger_type"": ""push"",
  ""user_avatar"": ""https://avatars.githubusercontent.com/u/109062406?v=4"",
  ""user_url"": ""https://github.com/ptayal-cwp"",
  ""workflow"": ""Test""
}",95d3c8f7-5868-4b39-a0ab-44d84ef78376,COMPLETED,ScanResultPublished,https://github.com/ptayal-cwp/ptiacalertactions,46438603cc4b4f88aa5b68b9258f486ed8037527,"{
  ""default_branch"": ""main"",
  ""full_name"": ""ptayal-cwp/ptiacalertactions"",
  ""id"": 513849006,
  ""name"": ""ptiacalertactions"",
  ""owner"": ""ptayal-cwp"",
  ""updated_time"": ""2022-07-14T10:16:17Z"",
  ""url"": ""https://github.com/ptayal-cwp/ptiacalertactions"",
  ""visibility"": ""public""
}",main,,"{
  ""cloud_types"": [
    ""AWS""
  ],
  ""resource_types"": [
    ""aws_s3_bucket""
  ],
  ""template_types"": [
    ""terraform""
  ]
}",ptayal-cwp,2022-07-26T07:16:19.596Z,2022-07-26T07:16:31.541Z,,{}
aae992fe-1496-496f-ad22-ec4ff93fa375,29c3501c-da12-460c-93f5-406369f71b35,CICD,GITHUB_ACTION,Build,11,"{
  ""action"": ""iac-scan"",
  ""base_url"": ""https://github.com/ptayal-cwp/ptiacalertactions"",
  ""created_at"": ""2022-07-26T14:15:10Z"",
  ""diff_url"": ""https://github.com/ptayal-cwp/ptiacalertactions/pull/6.diff"",
  ""externalId"": 2740143679,
  ""head_url"": ""https://github.com/ptayal-cwp/ptiacalertactions"",
  ""pr_url"": ""https://github.com/ptayal-cwp/ptiacalertactions/pull/6"",
  ""trigger_type"": ""pull_request"",
  ""updated_at"": ""2022-07-26T14:15:10Z"",
  ""user_avatar"": ""https://avatars.githubusercontent.com/u/109062406?v=4"",
  ""user_url"": ""https://github.com/ptayal-cwp"",
  ""workflow"": ""Test""
}",95d3c8f7-5868-4b39-a0ab-44d84ef78376,COMPLETED,ScanResultPublished,https://github.com/ptayal-cwp/ptiacalertactions,873d69e3adab0c4314424c7caa999bffa8e844cb,"{
  ""default_branch"": ""main"",
  ""full_name"": ""ptayal-cwp/ptiacalertactions"",
  ""id"": 513849006,
  ""name"": ""ptiacalertactions"",
  ""updated_time"": ""2022-07-14T10:16:17Z"",
  ""url"": ""https://github.com/ptayal-cwp/ptiacalertactions"",
  ""visibility"": ""public""
}",testpt2,,"{
  ""cloud_types"": [
    ""AWS""
  ],
  ""resource_types"": [
    ""aws_s3_bucket""
  ],
  ""template_types"": [
    ""terraform""
  ]
}",ptayal-cwp,2022-07-26T07:15:55.191Z,2022-07-26T07:16:05.727Z,,{}
41fed0ce-bb7e-47a7-9dcc-7c6b6eddbb69,29c3501c-da12-460c-93f5-406369f71b35,CICD,GITHUB_ACTION,Build,10,"{
  ""action"": ""iac-scan"",
  ""commit_url"": ""https://github.com/ptayal-cwp/ptiacalertactions/commit/11afb0ffd926a78b15ddf433c6ae097ba5c60f5a"",
  ""compare_url"": ""https://github.com/ptayal-cwp/ptiacalertactions/compare/ae28103a7402...11afb0ffd926"",
  ""created_at"": 1658844838,
  ""externalId"": 2740110919,
  ""trigger_type"": ""push"",
  ""user_avatar"": ""https://avatars.githubusercontent.com/u/109062406?v=4"",
  ""user_url"": ""https://github.com/ptayal-cwp"",
  ""workflow"": ""Test""
}",95d3c8f7-5868-4b39-a0ab-44d84ef78376,COMPLETED,ScanResultPublished,https://github.com/ptayal-cwp/ptiacalertactions,11afb0ffd926a78b15ddf433c6ae097ba5c60f5a,"{
  ""default_branch"": ""main"",
  ""full_name"": ""ptayal-cwp/ptiacalertactions"",
  ""id"": 513849006,
  ""name"": ""ptiacalertactions"",
  ""owner"": ""ptayal-cwp"",
  ""updated_time"": ""2022-07-14T10:16:17Z"",
  ""url"": ""https://github.com/ptayal-cwp/ptiacalertactions"",
  ""visibility"": ""public""
}",main,,"{
  ""cloud_types"": [
    ""AWS""
  ],
  ""resource_types"": [
    ""aws_s3_bucket""
  ],
  ""template_types"": [
    ""terraform""
  ]
}",ptayal-cwp,2022-07-26T07:13:58.395Z,2022-07-26T07:14:11.373Z,,{}
e6a0d9ec-7313-4f8c-84b8-29baa1fcadf0,29c3501c-da12-460c-93f5-406369f71b35,CICD,GITHUB_ACTION,Build,9,"{
  ""action"": ""iac-scan"",
  ""base_url"": ""https://github.com/ptayal-cwp/ptiacalertactions"",
  ""created_at"": ""2022-07-26T14:10:18Z"",
  ""diff_url"": ""https://github.com/ptayal-cwp/ptiacalertactions/pull/5.diff"",
  ""externalId"": 2740110419,
  ""head_url"": ""https://github.com/ptayal-cwp/ptiacalertactions"",
  ""pr_url"": ""https://github.com/ptayal-cwp/ptiacalertactions/pull/5"",
  ""trigger_type"": ""pull_request"",
  ""updated_at"": ""2022-07-26T14:10:18Z"",
  ""user_avatar"": ""https://avatars.githubusercontent.com/u/109062406?v=4"",
  ""user_url"": ""https://github.com/ptayal-cwp"",
  ""workflow"": ""Test""
}",95d3c8f7-5868-4b39-a0ab-44d84ef78376,COMPLETED,ScanResultPublished,https://github.com/ptayal-cwp/ptiacalertactions,f9e2793f688c328841acfa2c905b26e0e5689b57,"{
  ""default_branch"": ""main"",
  ""full_name"": ""ptayal-cwp/ptiacalertactions"",
  ""id"": 513849006,
  ""name"": ""ptiacalertactions"",
  ""updated_time"": ""2022-07-14T10:16:17Z"",
  ""url"": ""https://github.com/ptayal-cwp/ptiacalertactions"",
  ""visibility"": ""public""
}",testpt2,,"{
  ""cloud_types"": [
    ""AWS""
  ],
  ""resource_types"": [
    ""aws_s3_bucket""
  ],
  ""template_types"": [
    ""terraform""
  ]
}",ptayal-cwp,2022-07-26T07:13:50.333Z,2022-07-26T07:14:01.676Z,,{}
eed85a1f-19be-489b-bd4b-b693119709d3,29c3501c-da12-460c-93f5-406369f71b35,CICD,GITHUB_ACTION,Build,8,"{
  ""action"": ""iac-scan"",
  ""commit_url"": ""https://github.com/ptayal-cwp/ptiacalertactions/commit/ae28103a74029e2392717abaf343729195766797"",
  ""compare_url"": ""https://github.com/ptayal-cwp/ptiacalertactions/compare/e931ba2be69f...ae28103a7402"",
  ""created_at"": 1658841116,
  ""externalId"": 2739718205,
  ""trigger_type"": ""push"",
  ""user_avatar"": ""https://avatars.githubusercontent.com/u/109062406?v=4"",
  ""user_url"": ""https://github.com/ptayal-cwp"",
  ""workflow"": ""Test""
}",95d3c8f7-5868-4b39-a0ab-44d84ef78376,COMPLETED,ScanResultPublished,https://github.com/ptayal-cwp/ptiacalertactions,ae28103a74029e2392717abaf343729195766797,"{
  ""default_branch"": ""main"",
  ""full_name"": ""ptayal-cwp/ptiacalertactions"",
  ""id"": 513849006,
  ""name"": ""ptiacalertactions"",
  ""owner"": ""ptayal-cwp"",
  ""updated_time"": ""2022-07-14T10:16:17Z"",
  ""url"": ""https://github.com/ptayal-cwp/ptiacalertactions"",
  ""visibility"": ""public""
}",main,,"{
  ""cloud_types"": [
    ""AWS""
  ],
  ""resource_types"": [
    ""aws_s3_bucket""
  ],
  ""template_types"": [
    ""terraform""
  ]
}",ptayal-cwp,2022-07-26T06:11:56.192Z,2022-07-26T06:12:05.389Z,,{}
5c7e68db-4ed6-4d93-8d0a-edd443757316,29c3501c-da12-460c-93f5-406369f71b35,CICD,GITHUB_ACTION,Build,7,"{
  ""action"": ""iac-scan"",
  ""base_url"": ""https://github.com/ptayal-cwp/ptiacalertactions"",
  ""created_at"": ""2022-07-26T13:11:02Z"",
  ""diff_url"": ""https://github.com/ptayal-cwp/ptiacalertactions/pull/4.diff"",
  ""externalId"": 2739717550,
  ""head_url"": ""https://github.com/ptayal-cwp/ptiacalertactions"",
  ""pr_url"": ""https://github.com/ptayal-cwp/ptiacalertactions/pull/4"",
  ""trigger_type"": ""pull_request"",
  ""updated_at"": ""2022-07-26T13:11:02Z"",
  ""user_avatar"": ""https://avatars.githubusercontent.com/u/109062406?v=4"",
  ""user_url"": ""https://github.com/ptayal-cwp"",
  ""workflow"": ""Test""
}",95d3c8f7-5868-4b39-a0ab-44d84ef78376,COMPLETED,ScanResultPublished,https://github.com/ptayal-cwp/ptiacalertactions,6fd04d0ccf49b2f5db93bfd2a217c36121f1c0b8,"{
  ""default_branch"": ""main"",
  ""full_name"": ""ptayal-cwp/ptiacalertactions"",
  ""id"": 513849006,
  ""name"": ""ptiacalertactions"",
  ""updated_time"": ""2022-07-14T10:16:17Z"",
  ""url"": ""https://github.com/ptayal-cwp/ptiacalertactions"",
  ""visibility"": ""public""
}",testpt2,,"{
  ""cloud_types"": [
    ""AWS""
  ],
  ""resource_types"": [
    ""aws_s3_bucket""
  ],
  ""template_types"": [
    ""terraform""
  ]
}",ptayal-cwp,2022-07-26T06:11:52.73Z,2022-07-26T06:12:02.99Z,,{}
68f6d72c-e091-4935-8cf4-66c88da0ef5a,29c3501c-da12-460c-93f5-406369f71b35,CICD,GITHUB_ACTION,Build,6,"{
  ""action"": ""iac-scan"",
  ""commit_url"": ""https://github.com/ptayal-cwp/ptiacalertactions/commit/e931ba2be69f336c9db4fcdd2f623b5406c458b8"",
  ""compare_url"": ""https://github.com/ptayal-cwp/ptiacalertactions/compare/f0272045071d...e931ba2be69f"",
  ""created_at"": 1658840961,
  ""externalId"": 2739704349,
  ""trigger_type"": ""push"",
  ""user_avatar"": ""https://avatars.githubusercontent.com/u/109062406?v=4"",
  ""user_url"": ""https://github.com/ptayal-cwp"",
  ""workflow"": ""Test""
}",95d3c8f7-5868-4b39-a0ab-44d84ef78376,COMPLETED,ScanResultPublished,https://github.com/ptayal-cwp/ptiacalertactions,e931ba2be69f336c9db4fcdd2f623b5406c458b8,"{
  ""default_branch"": ""main"",
  ""full_name"": ""ptayal-cwp/ptiacalertactions"",
  ""id"": 513849006,
  ""name"": ""ptiacalertactions"",
  ""owner"": ""ptayal-cwp"",
  ""updated_time"": ""2022-07-14T10:16:17Z"",
  ""url"": ""https://github.com/ptayal-cwp/ptiacalertactions"",
  ""visibility"": ""public""
}",main,,"{
  ""cloud_types"": [
    ""AWS""
  ],
  ""resource_types"": [
    ""aws_s3_bucket""
  ],
  ""template_types"": [
    ""terraform""
  ]
}",ptayal-cwp,2022-07-26T06:09:21.2Z,2022-07-26T06:09:32.058Z,,{}
7bf00043-1155-45a4-b9b1-b683fbe9343e,29c3501c-da12-460c-93f5-406369f71b35,CICD,GITHUB_ACTION,Build,5,"{
  ""action"": ""iac-scan"",
  ""base_url"": ""https://github.com/ptayal-cwp/ptiacalertactions"",
  ""created_at"": ""2022-07-26T13:08:33Z"",
  ""diff_url"": ""https://github.com/ptayal-cwp/ptiacalertactions/pull/3.diff"",
  ""externalId"": 2739703587,
  ""head_url"": ""https://github.com/ptayal-cwp/ptiacalertactions"",
  ""pr_url"": ""https://github.com/ptayal-cwp/ptiacalertactions/pull/3"",
  ""trigger_type"": ""pull_request"",
  ""updated_at"": ""2022-07-26T13:08:33Z"",
  ""user_avatar"": ""https://avatars.githubusercontent.com/u/109062406?v=4"",
  ""user_url"": ""https://github.com/ptayal-cwp"",
  ""workflow"": ""Test""
}",95d3c8f7-5868-4b39-a0ab-44d84ef78376,COMPLETED,ScanResultPublished,https://github.com/ptayal-cwp/ptiacalertactions,ce7b7276f238d7af5a2a290daafc0df5a3b3283b,"{
  ""default_branch"": ""main"",
  ""full_name"": ""ptayal-cwp/ptiacalertactions"",
  ""id"": 513849006,
  ""name"": ""ptiacalertactions"",
  ""updated_time"": ""2022-07-14T10:16:17Z"",
  ""url"": ""https://github.com/ptayal-cwp/ptiacalertactions"",
  ""visibility"": ""public""
}",testpt2,,"{
  ""cloud_types"": [
    ""AWS""
  ],
  ""resource_types"": [
    ""aws_s3_bucket""
  ],
  ""template_types"": [
    ""terraform""
  ]
}",ptayal-cwp,2022-07-26T06:09:21.014Z,2022-07-26T06:09:32.674Z,,{}
47d8182d-5946-4183-a522-f8bb4fa8594d,29c3501c-da12-460c-93f5-406369f71b35,CICD,GITHUB_ACTION,Build,4,"{
  ""action"": ""iac-scan"",
  ""commit_url"": ""https://github.com/ptayal-cwp/ptiacalertactions/commit/f0272045071d62dfb4db4bfc4981c348a99ba421"",
  ""compare_url"": ""https://github.com/ptayal-cwp/ptiacalertactions/compare/63482fd7a198...f0272045071d"",
  ""created_at"": 1658840544,
  ""externalId"": 2739661662,
  ""trigger_type"": ""push"",
  ""user_avatar"": ""https://avatars.githubusercontent.com/u/109062406?v=4"",
  ""user_url"": ""https://github.com/ptayal-cwp"",
  ""workflow"": ""Test""
}",95d3c8f7-5868-4b39-a0ab-44d84ef78376,COMPLETED,ScanResultPublished,https://github.com/ptayal-cwp/ptiacalertactions,f0272045071d62dfb4db4bfc4981c348a99ba421,"{
  ""default_branch"": ""main"",
  ""full_name"": ""ptayal-cwp/ptiacalertactions"",
  ""id"": 513849006,
  ""name"": ""ptiacalertactions"",
  ""owner"": ""ptayal-cwp"",
  ""updated_time"": ""2022-07-14T10:16:17Z"",
  ""url"": ""https://github.com/ptayal-cwp/ptiacalertactions"",
  ""visibility"": ""public""
}",main,,"{
  ""cloud_types"": [
    ""AWS""
  ],
  ""resource_types"": [
    ""aws_s3_bucket""
  ],
  ""template_types"": [
    ""terraform""
  ]
}",ptayal-cwp,2022-07-26T06:02:24.6Z,2022-07-26T06:02:36.448Z,,{}
82f9fc2b-3d9d-408c-8dd3-682633992035,29c3501c-da12-460c-93f5-406369f71b35,CICD,JENKINS,Build,1,"{
  ""action"": ""#1"",
  ""build_url"": ""http://35.165.224.230:8080/job/AlertTestJob/1/"",
  ""created_at"": 1657889495
}",1f7b96ca-eb68-40cd-9f25-9e428fe7d36f,COMPLETED,ScanResultPublished,https://github.com/iactest/AllRepo,a90de8d986ea99627d3cfcfe8ddc972a4866f370,"{
  ""full_name"": ""iactest/AllRepo"",
  ""name"": ""AllRepo"",
  ""url"": ""https://github.com/iactest/AllRepo""
}",origin/main,,"{
  ""cloud_types"": [
    ""AWS"",
    ""KUBERNETES"",
    ""AZURE"",
    ""GCP""
  ],
  ""resource_types"": [
    ""AWS::S3::Bucket"",
    ""kubernetes_daemonset"",
    ""pod"",
    ""service_account"",
    ""AWS::EC2::SecurityGroup"",
    ""pod_security_policy"",
    ""azurerm_key_vault"",
    ""azurerm_managed_disk"",
    ""deployment"",
    ""azurerm_key_vault_key"",
    ""google_storage_bucket"",
    ""service"",
    ""azurerm_virtual_machine"",
    ""aws_s3_bucket""
  ],
  ""template_types"": [
    ""cft"",
    ""terraform"",
    ""helm"",
    ""kubernetes""
  ]
}",,2022-07-15T05:51:35.479Z,2022-07-15T05:51:45.372Z,,{}
949b5951-bf40-4c4b-b1ef-76f538579919,29c3501c-da12-460c-93f5-406369f71b35,CICD,GITHUB_ACTION,Build,3,"{
  ""action"": ""iac-scan"",
  ""base_url"": ""https://github.com/ptayal-cwp/ptiacalertactions"",
  ""created_at"": ""2022-07-15T10:34:04Z"",
  ""diff_url"": ""https://github.com/ptayal-cwp/ptiacalertactions/pull/2.diff"",
  ""externalId"": 2676278349,
  ""head_url"": ""https://github.com/ptayal-cwp/ptiacalertactions"",
  ""pr_url"": ""https://github.com/ptayal-cwp/ptiacalertactions/pull/2"",
  ""trigger_type"": ""pull_request"",
  ""updated_at"": ""2022-07-15T10:34:04Z"",
  ""user_avatar"": ""https://avatars.githubusercontent.com/u/109062406?v=4"",
  ""user_url"": ""https://github.com/ptayal-cwp"",
  ""workflow"": ""Test""
}",95d3c8f7-5868-4b39-a0ab-44d84ef78376,COMPLETED,ScanResultPublished,https://github.com/ptayal-cwp/ptiacalertactions,57b1a7063d08d3c269912e02d95a5338456fedf8,"{
  ""default_branch"": ""main"",
  ""full_name"": ""ptayal-cwp/ptiacalertactions"",
  ""id"": 513849006,
  ""name"": ""ptiacalertactions"",
  ""updated_time"": ""2022-07-14T10:16:17Z"",
  ""url"": ""https://github.com/ptayal-cwp/ptiacalertactions"",
  ""visibility"": ""public""
}",testpt2,,"{
  ""cloud_types"": [
    ""AWS""
  ],
  ""resource_types"": [
    ""aws_s3_bucket""
  ],
  ""template_types"": [
    ""terraform""
  ]
}",ptayal-cwp,2022-07-15T03:34:49.553Z,2022-07-15T03:34:58.689Z,,{}
1a5f5ca3-7b9b-4c60-9b7b-a44800e98204,29c3501c-da12-460c-93f5-406369f71b35,CICD,GITHUB_ACTION,Build,6,"{
  ""action"": ""iac-scan"",
  ""commit_url"": ""https://github.com/iactest/jiratest/commit/2a0534275eee08e852fe88533bbbf064fe4cfd47"",
  ""compare_url"": ""https://github.com/iactest/jiratest/compare/56e96f2efce2...2a0534275eee"",
  ""created_at"": 1657870267,
  ""externalId"": 2675331886,
  ""trigger_type"": ""push"",
  ""user_avatar"": ""https://avatars.githubusercontent.com/u/103730049?v=4"",
  ""user_url"": ""https://github.com/iactest"",
  ""workflow"": ""Test""
}",b0ac5217-9d15-40d4-ad68-c98ff020badb,COMPLETED,ScanResultPublished,https://github.com/iactest/jiratest,2a0534275eee08e852fe88533bbbf064fe4cfd47,"{
  ""default_branch"": ""main"",
  ""full_name"": ""iactest/jiratest"",
  ""id"": 513922700,
  ""name"": ""jiratest"",
  ""owner"": ""iactest"",
  ""updated_time"": ""2022-07-14T13:59:04Z"",
  ""url"": ""https://github.com/iactest/jiratest"",
  ""visibility"": ""public""
}",main,,"{
  ""cloud_types"": [
    ""AWS""
  ],
  ""resource_types"": [
    ""aws_s3_bucket""
  ],
  ""template_types"": [
    ""terraform""
  ]
}",iactest,2022-07-15T00:31:09.118Z,2022-07-15T00:31:22.008Z,,{}
bec8ec6f-d28d-4389-8e61-e7f85ef4b5a1,29c3501c-da12-460c-93f5-406369f71b35,CICD,GITHUB_ACTION,Build,7,"{
  ""action"": ""iac-scan"",
  ""commit_url"": ""https://github.com/iactest/jiratest/commit/cf834a8bb88c53abd50c253e0221935b39eb2f54"",
  ""compare_url"": ""https://github.com/iactest/jiratest/compare/2a0534275eee...cf834a8bb88c"",
  ""created_at"": 1657870266,
  ""externalId"": 2675332700,
  ""trigger_type"": ""push"",
  ""user_avatar"": ""https://avatars.githubusercontent.com/u/103730049?v=4"",
  ""user_url"": ""https://github.com/iactest"",
  ""workflow"": ""Test""
}",b0ac5217-9d15-40d4-ad68-c98ff020badb,COMPLETED,ScanResultPublished,https://github.com/iactest/jiratest,cf834a8bb88c53abd50c253e0221935b39eb2f54,"{
  ""default_branch"": ""main"",
  ""full_name"": ""iactest/jiratest"",
  ""id"": 513922700,
  ""name"": ""jiratest"",
  ""owner"": ""iactest"",
  ""updated_time"": ""2022-07-14T13:59:04Z"",
  ""url"": ""https://github.com/iactest/jiratest"",
  ""visibility"": ""public""
}",main,,"{
  ""cloud_types"": [
    ""AWS""
  ],
  ""resource_types"": [
    ""aws_s3_bucket""
  ],
  ""template_types"": [
    ""terraform""
  ]
}",iactest,2022-07-15T00:31:08.259Z,2022-07-15T00:31:21.982Z,,{}
29ad420b-8dd5-41ed-8999-a09a072f767b,29c3501c-da12-460c-93f5-406369f71b35,CICD,GITHUB_ACTION,Build,5,"{
  ""action"": ""iac-scan"",
  ""commit_url"": ""https://github.com/iactest/jiratest/commit/56e96f2efce2f62db9cb0f25e60c25b01f38a7aa"",
  ""compare_url"": ""https://github.com/iactest/jiratest/compare/13bc011a01c3...56e96f2efce2"",
  ""created_at"": 1657869710,
  ""externalId"": 2675288524,
  ""trigger_type"": ""push"",
  ""user_avatar"": ""https://avatars.githubusercontent.com/u/103730049?v=4"",
  ""user_url"": ""https://github.com/iactest"",
  ""workflow"": ""Test""
}",b0ac5217-9d15-40d4-ad68-c98ff020badb,COMPLETED,ScanResultPublished,https://github.com/iactest/jiratest,56e96f2efce2f62db9cb0f25e60c25b01f38a7aa,"{
  ""default_branch"": ""main"",
  ""full_name"": ""iactest/jiratest"",
  ""id"": 513922700,
  ""name"": ""jiratest"",
  ""owner"": ""iactest"",
  ""updated_time"": ""2022-07-14T13:59:04Z"",
  ""url"": ""https://github.com/iactest/jiratest"",
  ""visibility"": ""public""
}",main,,"{
  ""cloud_types"": [
    ""AWS""
  ],
  ""resource_types"": [
    ""aws_s3_bucket""
  ],
  ""template_types"": [
    ""terraform""
  ]
}",iactest,2022-07-15T00:21:52.227Z,2022-07-15T00:22:04.896Z,,{}
53772444-2ddc-4430-b7f9-8e0a31284504,29c3501c-da12-460c-93f5-406369f71b35,CICD,GITHUB_ACTION,Build,4,"{
  ""action"": ""iac-scan"",
  ""created_at"": 1657815712,
  ""externalId"": 2671684569,
  ""trigger_type"": ""workflow_dispatch"",
  ""user_avatar"": ""https://avatars.githubusercontent.com/u/103730049?v=4"",
  ""user_url"": ""https://github.com/iactest"",
  ""workflow"": ""Test""
}",b0ac5217-9d15-40d4-ad68-c98ff020badb,COMPLETED,ScanResultPublished,https://github.com/iactest/jiratest,13bc011a01c30ba9077924fb01c73e756e7424f7,"{
  ""default_branch"": ""main"",
  ""full_name"": ""iactest/jiratest"",
  ""id"": 513922700,
  ""name"": ""jiratest"",
  ""updated_time"": ""2022-07-14T13:59:04Z"",
  ""url"": ""https://github.com/iactest/jiratest"",
  ""visibility"": ""public""
}",main,,"{
  ""cloud_types"": [
    ""AWS""
  ],
  ""resource_types"": [
    ""aws_s3_bucket""
  ],
  ""template_types"": [
    ""terraform""
  ]
}",iactest,2022-07-14T09:21:52.758Z,2022-07-14T09:22:05.89Z,,{}
3a7477b2-edff-483c-82cc-961018db4395,29c3501c-da12-460c-93f5-406369f71b35,CICD,GITHUB_ACTION,Build,3,"{
  ""action"": ""iac-scan"",
  ""created_at"": 1657814337,
  ""externalId"": 2671566442,
  ""trigger_type"": ""workflow_dispatch"",
  ""user_avatar"": ""https://avatars.githubusercontent.com/u/103730049?v=4"",
  ""user_url"": ""https://github.com/iactest"",
  ""workflow"": ""Test""
}",b0ac5217-9d15-40d4-ad68-c98ff020badb,COMPLETED,ScanResultPublished,https://github.com/iactest/jiratest,13bc011a01c30ba9077924fb01c73e756e7424f7,"{
  ""default_branch"": ""main"",
  ""full_name"": ""iactest/jiratest"",
  ""id"": 513922700,
  ""name"": ""jiratest"",
  ""updated_time"": ""2022-07-14T13:59:04Z"",
  ""url"": ""https://github.com/iactest/jiratest"",
  ""visibility"": ""public""
}",main,,"{
  ""cloud_types"": [
    ""AWS""
  ],
  ""resource_types"": [
    ""aws_s3_bucket""
  ],
  ""template_types"": [
    ""terraform""
  ]
}",iactest,2022-07-14T08:58:58.043Z,2022-07-14T08:59:10.356Z,,{}
955198a5-a230-4f66-aaf0-0d6d9e8d930b,29c3501c-da12-460c-93f5-406369f71b35,CICD,GITHUB_ACTION,Build,2,"{
  ""action"": ""iac-scan"",
  ""created_at"": 1657807998,
  ""externalId"": 2670915157,
  ""trigger_type"": ""workflow_dispatch"",
  ""user_avatar"": ""https://avatars.githubusercontent.com/u/103730049?v=4"",
  ""user_url"": ""https://github.com/iactest"",
  ""workflow"": ""Test""
}",b0ac5217-9d15-40d4-ad68-c98ff020badb,COMPLETED,ScanResultPublished,https://github.com/iactest/jiratest,13bc011a01c30ba9077924fb01c73e756e7424f7,"{
  ""default_branch"": ""main"",
  ""full_name"": ""iactest/jiratest"",
  ""id"": 513922700,
  ""name"": ""jiratest"",
  ""updated_time"": ""2022-07-14T13:59:04Z"",
  ""url"": ""https://github.com/iactest/jiratest"",
  ""visibility"": ""public""
}",main,,"{
  ""cloud_types"": [
    ""AWS""
  ],
  ""resource_types"": [
    ""aws_s3_bucket""
  ],
  ""template_types"": [
    ""terraform""
  ]
}",iactest,2022-07-14T07:13:18.817Z,2022-07-14T07:13:34.281Z,,{}
9547e59c-1995-4009-81a4-e9b960e1e03e,29c3501c-da12-460c-93f5-406369f71b35,CICD,GITHUB_ACTION,Build,1,"{
  ""action"": ""iac-scan"",
  ""created_at"": 1657807350,
  ""externalId"": 2670841150,
  ""trigger_type"": ""workflow_dispatch"",
  ""user_avatar"": ""https://avatars.githubusercontent.com/u/103730049?v=4"",
  ""user_url"": ""https://github.com/iactest"",
  ""workflow"": ""Test""
}",b0ac5217-9d15-40d4-ad68-c98ff020badb,COMPLETED,ScanResultPublished,https://github.com/iactest/jiratest,13bc011a01c30ba9077924fb01c73e756e7424f7,"{
  ""default_branch"": ""main"",
  ""full_name"": ""iactest/jiratest"",
  ""id"": 513922700,
  ""name"": ""jiratest"",
  ""updated_time"": ""2022-07-14T13:59:04Z"",
  ""url"": ""https://github.com/iactest/jiratest"",
  ""visibility"": ""public""
}",main,,"{
  ""cloud_types"": [
    ""AWS""
  ],
  ""resource_types"": [
    ""aws_s3_bucket""
  ],
  ""template_types"": [
    ""terraform""
  ]
}",iactest,2022-07-14T07:02:30.549Z,2022-07-14T07:02:47.012Z,,{}
2fdd115d-41c6-4ac5-8818-943f4c0dc1b0,29c3501c-da12-460c-93f5-406369f71b35,CICD,GITHUB_ACTION,Build,2,"{
  ""action"": ""iac-scan"",
  ""base_url"": ""https://github.com/ptayal-cwp/ptiacalertactions"",
  ""created_at"": ""2022-07-14T12:15:13Z"",
  ""diff_url"": ""https://github.com/ptayal-cwp/ptiacalertactions/pull/1.diff"",
  ""externalId"": 2670237635,
  ""head_url"": ""https://github.com/ptayal-cwp/ptiacalertactions"",
  ""pr_url"": ""https://github.com/ptayal-cwp/ptiacalertactions/pull/1"",
  ""trigger_type"": ""pull_request"",
  ""updated_at"": ""2022-07-14T12:15:13Z"",
  ""user_avatar"": ""https://avatars.githubusercontent.com/u/109062406?v=4"",
  ""user_url"": ""https://github.com/ptayal-cwp"",
  ""workflow"": ""Test""
}",95d3c8f7-5868-4b39-a0ab-44d84ef78376,COMPLETED,ScanResultPublished,https://github.com/ptayal-cwp/ptiacalertactions,e8f52991a885de0bce457728bfd14e44e6b6504e,"{
  ""default_branch"": ""main"",
  ""full_name"": ""ptayal-cwp/ptiacalertactions"",
  ""id"": 513849006,
  ""name"": ""ptiacalertactions"",
  ""updated_time"": ""2022-07-14T10:16:17Z"",
  ""url"": ""https://github.com/ptayal-cwp/ptiacalertactions"",
  ""visibility"": ""public""
}",priyanka,,"{
  ""cloud_types"": [
    ""AWS""
  ],
  ""resource_types"": [
    ""aws_s3_bucket""
  ],
  ""template_types"": [
    ""terraform""
  ]
}",ptayal-cwp,2022-07-14T05:15:59.576Z,2022-07-14T05:16:09.922Z,,{}
93b075d2-2c93-4963-ab9c-856b43a383cc,29c3501c-da12-460c-93f5-406369f71b35,CICD,GITHUB_ACTION,Build,1,"{
  ""action"": ""iac-scan"",
  ""created_at"": 1657800771,
  ""externalId"": 2670219480,
  ""trigger_type"": ""workflow_dispatch"",
  ""user_avatar"": ""https://avatars.githubusercontent.com/u/109062406?v=4"",
  ""user_url"": ""https://github.com/ptayal-cwp"",
  ""workflow"": ""Test""
}",95d3c8f7-5868-4b39-a0ab-44d84ef78376,COMPLETED,ScanResultPublished,https://github.com/ptayal-cwp/ptiacalertactions,63482fd7a198673165d457f89c584cf83ae02eb1,"{
  ""default_branch"": ""main"",
  ""full_name"": ""ptayal-cwp/ptiacalertactions"",
  ""id"": 513849006,
  ""name"": ""ptiacalertactions"",
  ""updated_time"": ""2022-07-14T10:16:17Z"",
  ""url"": ""https://github.com/ptayal-cwp/ptiacalertactions"",
  ""visibility"": ""public""
}",main,,"{
  ""cloud_types"": [
    ""AWS""
  ],
  ""resource_types"": [
    ""aws_s3_bucket""
  ],
  ""template_types"": [
    ""terraform""
  ]
}",ptayal-cwp,2022-07-14T05:12:51.691Z,2022-07-14T05:13:05.055Z,,{}
ef889196-c0e2-465b-ada6-c99430432009,29c3501c-da12-460c-93f5-406369f71b35,CICD,GITHUB_ACTION,Build,2,"{
  ""action"": ""iac-scan"",
  ""created_at"": 1657792666,
  ""externalId"": 2669483570,
  ""trigger_type"": ""pull_request"",
  ""workflow"": ""Test""
}",c375fc28-2f5d-4cbf-94ca-df6afd1a6605,COMPLETED,ScanResultPublished,https://github.com/ptayal-cwp/ptIACintalert,fab58c320b4a6698d4461b195ee21a2db7d3f429,"{
  ""default_branch"": ""main"",
  ""full_name"": ""ptayal-cwp/ptIACintalert"",
  ""id"": 513775767,
  ""name"": ""ptIACintalert"",
  ""updated_time"": ""2022-07-14T05:48:37Z"",
  ""url"": ""https://github.com/ptayal-cwp/ptIACintalert"",
  ""visibility"": ""public""
}",1/merge,,"{
  ""cloud_types"": [
    ""KUBERNETES"",
    ""AZURE"",
    ""AWS"",
    ""GCP""
  ],
  ""resource_types"": [
    ""deployment"",
    ""azurerm_key_vault_key"",
    ""aws_s3_bucket"",
    ""azurerm_managed_disk"",
    ""AWS::S3::Bucket"",
    ""pod_security_policy"",
    ""kubernetes_daemonset"",
    ""azurerm_virtual_machine"",
    ""pod"",
    ""service_account"",
    ""google_storage_bucket"",
    ""azurerm_key_vault"",
    ""AWS::EC2::SecurityGroup"",
    ""service""
  ],
  ""template_types"": [
    ""helm"",
    ""terraform"",
    ""cft"",
    ""kubernetes""
  ]
}",ptayal-cwp,2022-07-14T02:57:46.817Z,2022-07-14T02:57:57.952Z,,{}
0d6b50c6-e480-4bf6-b898-0004dbd3747b,29c3501c-da12-460c-93f5-406369f71b35,CICD,GITHUB_ACTION,Build,2,"{
  ""action"": ""iac-scan"",
  ""created_at"": 1657792543,
  ""externalId"": 2669483570,
  ""trigger_type"": ""pull_request"",
  ""workflow"": ""Test""
}",c375fc28-2f5d-4cbf-94ca-df6afd1a6605,COMPLETED,ScanResultPublished,https://github.com/ptayal-cwp/ptIACintalert,fab58c320b4a6698d4461b195ee21a2db7d3f429,"{
  ""default_branch"": ""main"",
  ""full_name"": ""ptayal-cwp/ptIACintalert"",
  ""id"": 513775767,
  ""name"": ""ptIACintalert"",
  ""updated_time"": ""2022-07-14T05:48:37Z"",
  ""url"": ""https://github.com/ptayal-cwp/ptIACintalert"",
  ""visibility"": ""public""
}",1/merge,,"{
  ""cloud_types"": [
    ""AWS"",
    ""KUBERNETES"",
    ""AZURE"",
    ""GCP""
  ],
  ""resource_types"": [
    ""aws_s3_bucket"",
    ""service"",
    ""deployment"",
    ""service_account"",
    ""kubernetes_daemonset"",
    ""azurerm_key_vault"",
    ""AWS::S3::Bucket"",
    ""AWS::EC2::SecurityGroup"",
    ""azurerm_managed_disk"",
    ""azurerm_key_vault_key"",
    ""google_storage_bucket"",
    ""pod"",
    ""azurerm_virtual_machine"",
    ""pod_security_policy""
  ],
  ""template_types"": [
    ""terraform"",
    ""helm"",
    ""cft"",
    ""kubernetes""
  ]
}",ptayal-cwp,2022-07-14T02:55:44.206Z,2022-07-14T02:56:01.786Z,,{}
a0130979-4971-4c0b-a299-8cb86e3a34fa,29c3501c-da12-460c-93f5-406369f71b35,CICD,GITHUB_ACTION,Build,1,"{
  ""action"": ""iac-scan"",
  ""created_at"": 1657792227,
  ""externalId"": 2669456844,
  ""trigger_type"": ""workflow_dispatch"",
  ""workflow"": ""Test""
}",c375fc28-2f5d-4cbf-94ca-df6afd1a6605,COMPLETED,ScanResultPublished,https://github.com/ptayal-cwp/ptIACintalert,a90de8d986ea99627d3cfcfe8ddc972a4866f370,"{
  ""default_branch"": ""main"",
  ""full_name"": ""ptayal-cwp/ptIACintalert"",
  ""id"": 513775767,
  ""name"": ""ptIACintalert"",
  ""updated_time"": ""2022-07-14T05:48:37Z"",
  ""url"": ""https://github.com/ptayal-cwp/ptIACintalert"",
  ""visibility"": ""public""
}",main,,"{
  ""cloud_types"": [
    ""AZURE"",
    ""AWS"",
    ""KUBERNETES"",
    ""GCP""
  ],
  ""resource_types"": [
    ""azurerm_virtual_machine"",
    ""azurerm_key_vault_key"",
    ""AWS::S3::Bucket"",
    ""aws_s3_bucket"",
    ""deployment"",
    ""AWS::EC2::SecurityGroup"",
    ""pod_security_policy"",
    ""azurerm_managed_disk"",
    ""azurerm_key_vault"",
    ""google_storage_bucket"",
    ""service"",
    ""kubernetes_daemonset"",
    ""pod"",
    ""service_account""
  ],
  ""template_types"": [
    ""terraform"",
    ""cft"",
    ""helm"",
    ""kubernetes""
  ]
}",ptayal-cwp,2022-07-14T02:50:28.662Z,2022-07-14T02:50:41.573Z,,{}
307febf7-e4ac-4a4a-a286-051f4059b305,29c3501c-da12-460c-93f5-406369f71b35,CICD,GITHUB_ACTION,Build,15,"{
  ""action"": ""iac-scan"",
  ""externalId"": 2508991144,
  ""trigger_type"": ""pull_request"",
  ""workflow"": ""Test""
}",822b6482-09b0-428f-b808-772fb65224b2,COMPLETED,ScanResultPublished,https://github.com/praviniactest/OneResourceOrgtwo,2319b3158705415a4ab94d0b3167f450698ce8f1,"{
  ""default_branch"": ""main"",
  ""full_name"": ""praviniactest/OneResourceOrgtwo"",
  ""id"": 501535174,
  ""name"": ""OneResourceOrgtwo"",
  ""updated_time"": ""2022-06-09T06:42:52Z"",
  ""url"": ""https://github.com/praviniactest/OneResourceOrgtwo"",
  ""visibility"": ""public""
}",2/merge,,"{
  ""cloud_types"": [
    ""AWS""
  ],
  ""resource_types"": [
    ""aws_s3_bucket""
  ],
  ""template_types"": [
    ""terraform""
  ]
}",iactest,2022-06-16T05:25:57.663Z,2022-06-16T05:26:15.357Z,,{}
d7eee67d-50bb-4d31-a2b5-83b88a20dd32,29c3501c-da12-460c-93f5-406369f71b35,CICD,GITHUB_ACTION,Build,26,"{
  ""action"": ""iac-scan"",
  ""externalId"": 2492862332,
  ""trigger_type"": ""workflow_dispatch"",
  ""workflow"": ""Test""
}",71112570-ef72-4a3b-b213-acfb22f5bd2d,COMPLETED,ScanResultPublished,https://github.com/praviniactest/ServiceOneIntAction,f7c762884fb0d860c89bfad0d2f0bc02bfa8fc0f,"{
  ""default_branch"": ""main"",
  ""full_name"": ""praviniactest/ServiceOneIntAction"",
  ""id"": 502256832,
  ""name"": ""ServiceOneIntAction"",
  ""updated_time"": ""2022-06-11T05:15:03Z"",
  ""url"": ""https://github.com/praviniactest/ServiceOneIntAction"",
  ""visibility"": ""public""
}",main,,"{
  ""cloud_types"": [
    ""AWS""
  ],
  ""resource_types"": [
    ""aws_s3_bucket""
  ],
  ""template_types"": [
    ""terraform""
  ]
}",iactest,2022-06-13T21:54:48.715Z,2022-06-13T21:55:04.059Z,,{}
cf00d302-2971-46cf-8c94-bdfc8b173970,29c3501c-da12-460c-93f5-406369f71b35,CICD,GITHUB_ACTION,Build,25,"{
  ""action"": ""iac-scan"",
  ""externalId"": 2492818170,
  ""trigger_type"": ""workflow_dispatch"",
  ""workflow"": ""Test""
}",71112570-ef72-4a3b-b213-acfb22f5bd2d,COMPLETED,ScanResultPublished,https://github.com/praviniactest/ServiceOneIntAction,c70d540c4559c9f763983eada87ed6098d4273af,"{
  ""default_branch"": ""main"",
  ""full_name"": ""praviniactest/ServiceOneIntAction"",
  ""id"": 502256832,
  ""name"": ""ServiceOneIntAction"",
  ""updated_time"": ""2022-06-11T05:15:03Z"",
  ""url"": ""https://github.com/praviniactest/ServiceOneIntAction"",
  ""visibility"": ""public""
}",main,,"{
  ""cloud_types"": [
    ""AWS""
  ],
  ""resource_types"": [
    ""aws_s3_bucket""
  ],
  ""template_types"": [
    ""terraform""
  ]
}",iactest,2022-06-13T21:41:15.165Z,2022-06-13T21:41:34.825Z,,{}
d01ed046-29f6-449e-a135-36dec58030f8,29c3501c-da12-460c-93f5-406369f71b35,CICD,GITHUB_ACTION,Build,24,"{
  ""action"": ""iac-scan"",
  ""externalId"": 2490102780,
  ""trigger_type"": ""workflow_dispatch"",
  ""workflow"": ""Test""
}",71112570-ef72-4a3b-b213-acfb22f5bd2d,COMPLETED,ScanResultPublished,https://github.com/praviniactest/ServiceOneIntAction,f6bc3a69fa33e1d474e541b710bd22e163d3fab3,"{
  ""default_branch"": ""main"",
  ""full_name"": ""praviniactest/ServiceOneIntAction"",
  ""id"": 502256832,
  ""name"": ""ServiceOneIntAction"",
  ""updated_time"": ""2022-06-11T05:15:03Z"",
  ""url"": ""https://github.com/praviniactest/ServiceOneIntAction"",
  ""visibility"": ""public""
}",main,,"{
  ""cloud_types"": [
    ""AWS""
  ],
  ""resource_types"": [
    ""aws_s3_bucket""
  ],
  ""template_types"": [
    ""terraform""
  ]
}",iactest,2022-06-13T10:38:32.721Z,2022-06-13T10:39:03.131Z,,{}
c68d4e0a-2f45-4342-a104-908bf076831e,29c3501c-da12-460c-93f5-406369f71b35,CICD,GITHUB_ACTION,Build,23,"{
  ""action"": ""iac-scan"",
  ""externalId"": 2490023311,
  ""trigger_type"": ""workflow_dispatch"",
  ""workflow"": ""Test""
}",71112570-ef72-4a3b-b213-acfb22f5bd2d,COMPLETED,ScanResultPublished,https://github.com/praviniactest/ServiceOneIntAction,0d97f3495ed0c55fa2dfd4435978f34063cb195c,"{
  ""default_branch"": ""main"",
  ""full_name"": ""praviniactest/ServiceOneIntAction"",
  ""id"": 502256832,
  ""name"": ""ServiceOneIntAction"",
  ""updated_time"": ""2022-06-11T05:15:03Z"",
  ""url"": ""https://github.com/praviniactest/ServiceOneIntAction"",
  ""visibility"": ""public""
}",main,,"{
  ""cloud_types"": [
    ""AWS""
  ],
  ""resource_types"": [
    ""aws_s3_bucket""
  ],
  ""template_types"": [
    ""terraform""
  ]
}",iactest,2022-06-13T10:23:01.383Z,2022-06-13T10:23:31.566Z,,{}
b7321cf7-ebf9-4e20-af35-e1a0eb72ff22,29c3501c-da12-460c-93f5-406369f71b35,CICD,GITHUB_ACTION,Build,22,"{
  ""action"": ""iac-scan"",
  ""externalId"": 2489981077,
  ""trigger_type"": ""workflow_dispatch"",
  ""workflow"": ""Test""
}",71112570-ef72-4a3b-b213-acfb22f5bd2d,COMPLETED,ScanResultPublished,https://github.com/praviniactest/ServiceOneIntAction,5881a2e09f9b6b7d12c7715e56a565778c6d3e57,"{
  ""default_branch"": ""main"",
  ""full_name"": ""praviniactest/ServiceOneIntAction"",
  ""id"": 502256832,
  ""name"": ""ServiceOneIntAction"",
  ""updated_time"": ""2022-06-11T05:15:03Z"",
  ""url"": ""https://github.com/praviniactest/ServiceOneIntAction"",
  ""visibility"": ""public""
}",main,,"{
  ""cloud_types"": [
    ""AWS""
  ],
  ""resource_types"": [
    ""aws_s3_bucket""
  ],
  ""template_types"": [
    ""terraform""
  ]
}",iactest,2022-06-13T10:14:47.992Z,2022-06-13T10:15:18.456Z,,{}
6663efc1-6799-445f-a0ce-5526015bab7c,29c3501c-da12-460c-93f5-406369f71b35,CICD,GITHUB_ACTION,Build,19,"{
  ""action"": ""iac-scan"",
  ""externalId"": 2489416164,
  ""trigger_type"": ""workflow_dispatch"",
  ""user_avatar"": ""https://avatars.githubusercontent.com/u/103730049?v=4"",
  ""user_url"": ""https://github.com/iactest"",
  ""workflow"": ""Test""
}",71112570-ef72-4a3b-b213-acfb22f5bd2d,FAILED,PolicyEvaluationFailed,https://github.com/praviniactest/ServiceOneIntAction,09b074bd27d1b899b4aaaaf22c8b0e7d409a92a9,"{
  ""default_branch"": ""main"",
  ""full_name"": ""praviniactest/ServiceOneIntAction"",
  ""id"": 502256832,
  ""name"": ""ServiceOneIntAction"",
  ""updated_time"": ""2022-06-11T05:15:03Z"",
  ""url"": ""https://github.com/praviniactest/ServiceOneIntAction"",
  ""visibility"": ""public""
}",main,,"{
  ""cloud_types"": [
    ""AWS""
  ],
  ""resource_types"": [
    ""aws_s3_bucket""
  ],
  ""template_types"": [
    ""terraform""
  ]
}",iactest,2022-06-13T08:29:44.314Z,2022-06-13T08:30:20.281Z,,{}
66d6f582-0592-4745-8c47-855f933a7e0b,29c3501c-da12-460c-93f5-406369f71b35,CICD,GITHUB_ACTION,Build,20,"{
  ""action"": ""iac-scan"",
  ""externalId"": 2489416384,
  ""trigger_type"": ""workflow_dispatch"",
  ""user_avatar"": ""https://avatars.githubusercontent.com/u/103730049?v=4"",
  ""user_url"": ""https://github.com/iactest"",
  ""workflow"": ""Test""
}",71112570-ef72-4a3b-b213-acfb22f5bd2d,FAILED,PolicyEvaluationFailed,https://github.com/praviniactest/ServiceOneIntAction,09b074bd27d1b899b4aaaaf22c8b0e7d409a92a9,"{
  ""default_branch"": ""main"",
  ""full_name"": ""praviniactest/ServiceOneIntAction"",
  ""id"": 502256832,
  ""name"": ""ServiceOneIntAction"",
  ""updated_time"": ""2022-06-11T05:15:03Z"",
  ""url"": ""https://github.com/praviniactest/ServiceOneIntAction"",
  ""visibility"": ""public""
}",main,,"{
  ""cloud_types"": [
    ""AWS""
  ],
  ""resource_types"": [
    ""aws_s3_bucket""
  ],
  ""template_types"": [
    ""terraform""
  ]
}",iactest,2022-06-13T08:29:41.254Z,2022-06-13T08:30:18.04Z,,{}
427867fb-59c4-43ef-adf1-57ef2555cb70,29c3501c-da12-460c-93f5-406369f71b35,CICD,GITHUB_ACTION,Build,18,"{
  ""action"": ""iac-scan"",
  ""externalId"": 2489128963,
  ""trigger_type"": ""workflow_dispatch"",
  ""user_avatar"": ""https://avatars.githubusercontent.com/u/103730049?v=4"",
  ""user_url"": ""https://github.com/iactest"",
  ""workflow"": ""Test""
}",71112570-ef72-4a3b-b213-acfb22f5bd2d,COMPLETED,ScanResultPublished,https://github.com/praviniactest/ServiceOneIntAction,b91e2e000e1c1d8729fc11978271224930154217,"{
  ""default_branch"": ""main"",
  ""full_name"": ""praviniactest/ServiceOneIntAction"",
  ""id"": 502256832,
  ""name"": ""ServiceOneIntAction"",
  ""updated_time"": ""2022-06-11T05:15:03Z"",
  ""url"": ""https://github.com/praviniactest/ServiceOneIntAction"",
  ""visibility"": ""public""
}",main,,"{
  ""cloud_types"": [
    ""AWS""
  ],
  ""resource_types"": [
    ""aws_s3_bucket""
  ],
  ""template_types"": [
    ""terraform""
  ]
}",iactest,2022-06-13T07:42:43.981Z,2022-06-13T07:43:10.602Z,,{}
03d7320a-8f24-44cd-9df9-15610c624dc7,29c3501c-da12-460c-93f5-406369f71b35,CICD,GITHUB_ACTION,Build,17,"{
  ""action"": ""iac-scan"",
  ""externalId"": 2488417204,
  ""trigger_type"": ""workflow_dispatch"",
  ""user_avatar"": ""https://avatars.githubusercontent.com/u/103730049?v=4"",
  ""user_url"": ""https://github.com/iactest"",
  ""workflow"": ""Test""
}",71112570-ef72-4a3b-b213-acfb22f5bd2d,COMPLETED,ScanResultPublished,https://github.com/praviniactest/ServiceOneIntAction,b91e2e000e1c1d8729fc11978271224930154217,"{
  ""default_branch"": ""main"",
  ""full_name"": ""praviniactest/ServiceOneIntAction"",
  ""id"": 502256832,
  ""name"": ""ServiceOneIntAction"",
  ""updated_time"": ""2022-06-11T05:15:03Z"",
  ""url"": ""https://github.com/praviniactest/ServiceOneIntAction"",
  ""visibility"": ""public""
}",main,,"{
  ""cloud_types"": [
    ""AWS""
  ],
  ""resource_types"": [
    ""aws_s3_bucket""
  ],
  ""template_types"": [
    ""terraform""
  ]
}",iactest,2022-06-13T05:43:49.662Z,2022-06-13T05:44:20.199Z,,{}
06f23bc4-4dca-4a6a-8b49-5f099a0e7e4b,29c3501c-da12-460c-93f5-406369f71b35,CICD,GITHUB_ACTION,Build,16,"{
  ""action"": ""iac-scan"",
  ""externalId"": 2488000905,
  ""trigger_type"": ""workflow_dispatch"",
  ""user_avatar"": ""https://avatars.githubusercontent.com/u/103730049?v=4"",
  ""user_url"": ""https://github.com/iactest"",
  ""workflow"": ""Test""
}",71112570-ef72-4a3b-b213-acfb22f5bd2d,COMPLETED,ScanResultPublished,https://github.com/praviniactest/ServiceOneIntAction,6eae8405aeb88906fb40a82d705ac33952a75810,"{
  ""default_branch"": ""main"",
  ""full_name"": ""praviniactest/ServiceOneIntAction"",
  ""id"": 502256832,
  ""name"": ""ServiceOneIntAction"",
  ""updated_time"": ""2022-06-11T05:15:03Z"",
  ""url"": ""https://github.com/praviniactest/ServiceOneIntAction"",
  ""visibility"": ""public""
}",main,,"{
  ""cloud_types"": [
    ""AWS""
  ],
  ""resource_types"": [
    ""aws_s3_bucket""
  ],
  ""template_types"": [
    ""terraform""
  ]
}",iactest,2022-06-13T04:24:30.88Z,2022-06-13T04:25:04.979Z,,{}
e68e3597-7d6b-4163-a077-d1ea55279bd9,29c3501c-da12-460c-93f5-406369f71b35,CICD,GITHUB_ACTION,Build,15,"{
  ""action"": ""iac-scan"",
  ""externalId"": 2487215001,
  ""trigger_type"": ""workflow_dispatch"",
  ""user_avatar"": ""https://avatars.githubusercontent.com/u/103730049?v=4"",
  ""user_url"": ""https://github.com/iactest"",
  ""workflow"": ""Test""
}",71112570-ef72-4a3b-b213-acfb22f5bd2d,FAILED,PolicyEvaluationFailed,https://github.com/praviniactest/ServiceOneIntAction,6eae8405aeb88906fb40a82d705ac33952a75810,"{
  ""default_branch"": ""main"",
  ""full_name"": ""praviniactest/ServiceOneIntAction"",
  ""id"": 502256832,
  ""name"": ""ServiceOneIntAction"",
  ""updated_time"": ""2022-06-11T05:15:03Z"",
  ""url"": ""https://github.com/praviniactest/ServiceOneIntAction"",
  ""visibility"": ""public""
}",main,,"{
  ""cloud_types"": [
    ""AWS""
  ],
  ""resource_types"": [
    ""aws_s3_bucket""
  ],
  ""template_types"": [
    ""terraform""
  ]
}",iactest,2022-06-13T01:58:49.004Z,2022-06-13T01:58:57.201Z,,{}
04864c42-ef0a-4b19-aa07-c6fccd073a9a,29c3501c-da12-460c-93f5-406369f71b35,CICD,GITHUB_ACTION,Build,14,"{
  ""action"": ""iac-scan"",
  ""externalId"": 2487072992,
  ""trigger_type"": ""workflow_dispatch"",
  ""workflow"": ""Test""
}",71112570-ef72-4a3b-b213-acfb22f5bd2d,FAILED,PolicyEvaluationFailed,https://github.com/praviniactest/ServiceOneIntAction,3a123ef995e2ba0a66b7843f1049ecd6477d1786,"{
  ""default_branch"": ""main"",
  ""full_name"": ""praviniactest/ServiceOneIntAction"",
  ""id"": 502256832,
  ""name"": ""ServiceOneIntAction"",
  ""updated_time"": ""2022-06-11T05:15:03Z"",
  ""url"": ""https://github.com/praviniactest/ServiceOneIntAction"",
  ""visibility"": ""public""
}",main,,"{
  ""cloud_types"": [
    ""AWS""
  ],
  ""resource_types"": [
    ""aws_s3_bucket""
  ],
  ""template_types"": [
    ""terraform""
  ]
}",iactest,2022-06-13T01:32:27.226Z,2022-06-13T01:32:33.994Z,,{}
ece380e4-3a41-4210-8114-d1233eb7983a,29c3501c-da12-460c-93f5-406369f71b35,CICD,GITHUB_ACTION,Build,13,"{
  ""action"": ""iac-scan"",
  ""externalId"": 2487060204,
  ""trigger_type"": ""workflow_dispatch"",
  ""workflow"": ""Test""
}",71112570-ef72-4a3b-b213-acfb22f5bd2d,FAILED,PolicyEvaluationFailed,https://github.com/praviniactest/ServiceOneIntAction,3a123ef995e2ba0a66b7843f1049ecd6477d1786,"{
  ""default_branch"": ""main"",
  ""full_name"": ""praviniactest/ServiceOneIntAction"",
  ""id"": 502256832,
  ""name"": ""ServiceOneIntAction"",
  ""updated_time"": ""2022-06-11T05:15:03Z"",
  ""url"": ""https://github.com/praviniactest/ServiceOneIntAction"",
  ""visibility"": ""public""
}",main,,"{
  ""cloud_types"": [
    ""AWS""
  ],
  ""resource_types"": [
    ""aws_s3_bucket""
  ],
  ""template_types"": [
    ""terraform""
  ]
}",iactest,2022-06-13T01:30:12.479Z,2022-06-13T01:30:22.252Z,,{}
d53a9101-e2ce-491b-8a67-83ae5b3982e2,29c3501c-da12-460c-93f5-406369f71b35,CICD,GITHUB_ACTION,Build,12,"{
  ""action"": ""iac-scan"",
  ""externalId"": 2486726311,
  ""trigger_type"": ""workflow_dispatch"",
  ""workflow"": ""Test""
}",71112570-ef72-4a3b-b213-acfb22f5bd2d,COMPLETED,ScanResultPublished,https://github.com/praviniactest/ServiceOneIntAction,45ba68a7e25e54ce1f2dc014c5abc60750e9baf1,"{
  ""default_branch"": ""main"",
  ""full_name"": ""praviniactest/ServiceOneIntAction"",
  ""id"": 502256832,
  ""name"": ""ServiceOneIntAction"",
  ""updated_time"": ""2022-06-11T05:15:03Z"",
  ""url"": ""https://github.com/praviniactest/ServiceOneIntAction"",
  ""visibility"": ""public""
}",main,,"{
  ""cloud_types"": [
    ""AWS""
  ],
  ""resource_types"": [
    ""aws_s3_bucket""
  ],
  ""template_types"": [
    ""terraform""
  ]
}",iactest,2022-06-13T00:24:31.865Z,2022-06-13T00:24:58.462Z,,{}
22f6ab2a-bf82-40cd-8886-be4179a3e91a,29c3501c-da12-460c-93f5-406369f71b35,CICD,GITHUB_ACTION,Build,11,"{
  ""action"": ""iac-scan"",
  ""externalId"": 2480488566,
  ""trigger_type"": ""workflow_dispatch"",
  ""workflow"": ""Test""
}",71112570-ef72-4a3b-b213-acfb22f5bd2d,COMPLETED,ScanResultPublished,https://github.com/praviniactest/ServiceOneIntAction,a923e4a5130638c0b61fe42040356fcdd5ae9391,"{
  ""default_branch"": ""main"",
  ""full_name"": ""praviniactest/ServiceOneIntAction"",
  ""id"": 502256832,
  ""name"": ""ServiceOneIntAction"",
  ""updated_time"": ""2022-06-11T05:15:03Z"",
  ""url"": ""https://github.com/praviniactest/ServiceOneIntAction"",
  ""visibility"": ""public""
}",main,,"{
  ""cloud_types"": [
    ""AWS""
  ],
  ""resource_types"": [
    ""aws_s3_bucket""
  ],
  ""template_types"": [
    ""terraform""
  ]
}",iactest,2022-06-11T08:55:39.552Z,2022-06-11T08:56:09.712Z,,{}
16cb4e8b-6948-457f-a41d-59f7bb559291,29c3501c-da12-460c-93f5-406369f71b35,CICD,GITHUB_ACTION,Build,10,"{
  ""action"": ""iac-scan"",
  ""externalId"": 2480472946,
  ""trigger_type"": ""workflow_dispatch"",
  ""workflow"": ""Test""
}",71112570-ef72-4a3b-b213-acfb22f5bd2d,COMPLETED,ScanResultPublished,https://github.com/praviniactest/ServiceOneIntAction,48dc72f5f4fe22cbc89dbc90dc95f084417e06f1,"{
  ""default_branch"": ""main"",
  ""full_name"": ""praviniactest/ServiceOneIntAction"",
  ""id"": 502256832,
  ""name"": ""ServiceOneIntAction"",
  ""updated_time"": ""2022-06-11T05:15:03Z"",
  ""url"": ""https://github.com/praviniactest/ServiceOneIntAction"",
  ""visibility"": ""public""
}",main,,"{
  ""cloud_types"": [
    ""AWS""
  ],
  ""resource_types"": [
    ""aws_s3_bucket""
  ],
  ""template_types"": [
    ""terraform""
  ]
}",iactest,2022-06-11T08:48:39.39Z,2022-06-11T08:49:01.76Z,,{}
af203365-9ee7-460e-b10c-49d96b410c13,29c3501c-da12-460c-93f5-406369f71b35,CICD,GITHUB_ACTION,Build,9,"{
  ""action"": ""iac-scan"",
  ""externalId"": 2480467807,
  ""trigger_type"": ""workflow_dispatch"",
  ""workflow"": ""Test""
}",71112570-ef72-4a3b-b213-acfb22f5bd2d,FAILED,PolicyEvaluationFailed,https://github.com/praviniactest/ServiceOneIntAction,48dc72f5f4fe22cbc89dbc90dc95f084417e06f1,"{
  ""default_branch"": ""main"",
  ""full_name"": ""praviniactest/ServiceOneIntAction"",
  ""id"": 502256832,
  ""name"": ""ServiceOneIntAction"",
  ""updated_time"": ""2022-06-11T05:15:03Z"",
  ""url"": ""https://github.com/praviniactest/ServiceOneIntAction"",
  ""visibility"": ""public""
}",main,,"{
  ""cloud_types"": [
    ""AWS""
  ],
  ""resource_types"": [
    ""aws_s3_bucket""
  ],
  ""template_types"": [
    ""terraform""
  ]
}",iactest,2022-06-11T08:46:44.715Z,2022-06-11T08:47:20.167Z,,{}
e22fbd74-6c07-4007-9ef4-b66ab85b8f4f,29c3501c-da12-460c-93f5-406369f71b35,CICD,GITHUB_ACTION,Build,8,"{
  ""action"": ""iac-scan"",
  ""externalId"": 2479398222,
  ""trigger_type"": ""workflow_dispatch"",
  ""workflow"": ""Test""
}",71112570-ef72-4a3b-b213-acfb22f5bd2d,COMPLETED,ScanResultPublished,https://github.com/praviniactest/ServiceOneIntAction,48dc72f5f4fe22cbc89dbc90dc95f084417e06f1,"{
  ""default_branch"": ""main"",
  ""full_name"": ""praviniactest/ServiceOneIntAction"",
  ""id"": 502256832,
  ""name"": ""ServiceOneIntAction"",
  ""updated_time"": ""2022-06-11T05:15:03Z"",
  ""url"": ""https://github.com/praviniactest/ServiceOneIntAction"",
  ""visibility"": ""public""
}",main,,"{
  ""cloud_types"": [
    ""AWS""
  ],
  ""resource_types"": [
    ""aws_s3_bucket""
  ],
  ""template_types"": [
    ""terraform""
  ]
}",iactest,2022-06-11T01:49:56.279Z,2022-06-11T01:50:19.305Z,,{}
811e4bae-3e31-4dc4-b478-50db2fca038f,29c3501c-da12-460c-93f5-406369f71b35,CICD,GITHUB_ACTION,Build,7,"{
  ""action"": ""iac-scan"",
  ""externalId"": 2479391069,
  ""trigger_type"": ""workflow_dispatch"",
  ""workflow"": ""Test""
}",71112570-ef72-4a3b-b213-acfb22f5bd2d,COMPLETED,ScanResultPublished,https://github.com/praviniactest/ServiceOneIntAction,48dc72f5f4fe22cbc89dbc90dc95f084417e06f1,"{
  ""default_branch"": ""main"",
  ""full_name"": ""praviniactest/ServiceOneIntAction"",
  ""id"": 502256832,
  ""name"": ""ServiceOneIntAction"",
  ""updated_time"": ""2022-06-11T05:15:03Z"",
  ""url"": ""https://github.com/praviniactest/ServiceOneIntAction"",
  ""visibility"": ""public""
}",main,,"{
  ""cloud_types"": [
    ""AWS""
  ],
  ""resource_types"": [
    ""aws_s3_bucket""
  ],
  ""template_types"": [
    ""terraform""
  ]
}",iactest,2022-06-11T01:47:23.972Z,2022-06-11T01:47:53.365Z,,{}
a2872b13-2d3c-4136-8d6d-44bb897ae343,29c3501c-da12-460c-93f5-406369f71b35,CICD,GITHUB_ACTION,Build,6,"{
  ""action"": ""iac-scan"",
  ""externalId"": 2479337332,
  ""trigger_type"": ""workflow_dispatch"",
  ""workflow"": ""Test""
}",71112570-ef72-4a3b-b213-acfb22f5bd2d,COMPLETED,ScanResultPublished,https://github.com/praviniactest/ServiceOneIntAction,48dc72f5f4fe22cbc89dbc90dc95f084417e06f1,"{
  ""default_branch"": ""main"",
  ""full_name"": ""praviniactest/ServiceOneIntAction"",
  ""id"": 502256832,
  ""name"": ""ServiceOneIntAction"",
  ""updated_time"": ""2022-06-11T05:15:03Z"",
  ""url"": ""https://github.com/praviniactest/ServiceOneIntAction"",
  ""visibility"": ""public""
}",main,,"{
  ""cloud_types"": [
    ""AWS""
  ],
  ""resource_types"": [
    ""aws_s3_bucket""
  ],
  ""template_types"": [
    ""terraform""
  ]
}",iactest,2022-06-11T01:25:34.2Z,2022-06-11T01:25:56.173Z,,{}
2d32f86c-f71a-4b56-b04b-39ba90f895bd,29c3501c-da12-460c-93f5-406369f71b35,CICD,GITHUB_ACTION,Build,5,"{
  ""action"": ""iac-scan"",
  ""externalId"": 2479323497,
  ""trigger_type"": ""workflow_dispatch"",
  ""workflow"": ""Test""
}",71112570-ef72-4a3b-b213-acfb22f5bd2d,FAILED,PolicyEvaluationFailed,https://github.com/praviniactest/ServiceOneIntAction,48dc72f5f4fe22cbc89dbc90dc95f084417e06f1,"{
  ""default_branch"": ""main"",
  ""full_name"": ""praviniactest/ServiceOneIntAction"",
  ""id"": 502256832,
  ""name"": ""ServiceOneIntAction"",
  ""updated_time"": ""2022-06-11T05:15:03Z"",
  ""url"": ""https://github.com/praviniactest/ServiceOneIntAction"",
  ""visibility"": ""public""
}",main,,"{
  ""cloud_types"": [
    ""AWS""
  ],
  ""resource_types"": [
    ""aws_s3_bucket""
  ],
  ""template_types"": [
    ""terraform""
  ]
}",iactest,2022-06-11T01:20:30.366Z,2022-06-11T01:21:06.256Z,,{}
ddfe2067-260e-4b5e-958e-41bec62b101a,29c3501c-da12-460c-93f5-406369f71b35,CICD,GITHUB_ACTION,Build,4,"{
  ""action"": ""iac-scan"",
  ""externalId"": 2479125688,
  ""trigger_type"": ""workflow_dispatch"",
  ""workflow"": ""Test""
}",71112570-ef72-4a3b-b213-acfb22f5bd2d,COMPLETED,ScanResultPublished,https://github.com/praviniactest/ServiceOneIntAction,6046728aae64571e7c4e0b2c1343f38db9cef38e,"{
  ""default_branch"": ""main"",
  ""full_name"": ""praviniactest/ServiceOneIntAction"",
  ""id"": 502256832,
  ""name"": ""ServiceOneIntAction"",
  ""updated_time"": ""2022-06-11T05:15:03Z"",
  ""url"": ""https://github.com/praviniactest/ServiceOneIntAction"",
  ""visibility"": ""public""
}",main,,"{
  ""cloud_types"": [
    ""AWS""
  ],
  ""resource_types"": [
    ""aws_s3_bucket""
  ],
  ""template_types"": [
    ""terraform""
  ]
}",iactest,2022-06-11T00:02:44.708Z,2022-06-11T00:03:11.878Z,,{}
1f74ad8d-8510-4e79-8837-9bafa61d781e,29c3501c-da12-460c-93f5-406369f71b35,CICD,GITHUB_ACTION,Build,3,"{
  ""action"": ""iac-scan"",
  ""externalId"": 2479113739,
  ""trigger_type"": ""workflow_dispatch"",
  ""workflow"": ""Test""
}",71112570-ef72-4a3b-b213-acfb22f5bd2d,COMPLETED,ScanResultPublished,https://github.com/praviniactest/ServiceOneIntAction,c242215dd1d45d4cb65e2a7a8b6457b198987287,"{
  ""default_branch"": ""main"",
  ""full_name"": ""praviniactest/ServiceOneIntAction"",
  ""id"": 502256832,
  ""name"": ""ServiceOneIntAction"",
  ""updated_time"": ""2022-06-11T05:15:03Z"",
  ""url"": ""https://github.com/praviniactest/ServiceOneIntAction"",
  ""visibility"": ""public""
}",main,,"{
  ""cloud_types"": [
    ""AWS""
  ],
  ""resource_types"": [
    ""aws_s3_bucket""
  ],
  ""template_types"": [
    ""terraform""
  ]
}",iactest,2022-06-10T23:57:57.793Z,2022-06-10T23:58:28.932Z,,{}
a3db5c37-99e8-4657-9170-1b5a90d412fb,29c3501c-da12-460c-93f5-406369f71b35,CICD,GITHUB_ACTION,Build,2,"{
  ""action"": ""iac-scan"",
  ""externalId"": 2478961934,
  ""trigger_type"": ""workflow_dispatch"",
  ""workflow"": ""Test""
}",71112570-ef72-4a3b-b213-acfb22f5bd2d,COMPLETED,ScanResultPublished,https://github.com/praviniactest/ServiceOneIntAction,c242215dd1d45d4cb65e2a7a8b6457b198987287,"{
  ""default_branch"": ""main"",
  ""full_name"": ""praviniactest/ServiceOneIntAction"",
  ""id"": 502256832,
  ""name"": ""ServiceOneIntAction"",
  ""updated_time"": ""2022-06-11T05:15:03Z"",
  ""url"": ""https://github.com/praviniactest/ServiceOneIntAction"",
  ""visibility"": ""public""
}",main,,"{
  ""cloud_types"": [
    ""AWS""
  ],
  ""resource_types"": [
    ""aws_s3_bucket""
  ],
  ""template_types"": [
    ""terraform""
  ]
}",iactest,2022-06-10T22:55:47.617Z,2022-06-10T22:56:17.748Z,,{}
632eb69a-5150-4397-9483-9d88943be0fa,29c3501c-da12-460c-93f5-406369f71b35,CICD,GITHUB_ACTION,Build,1,"{
  ""action"": ""iac-scan"",
  ""externalId"": 2478879383,
  ""trigger_type"": ""workflow_dispatch"",
  ""workflow"": ""Test""
}",71112570-ef72-4a3b-b213-acfb22f5bd2d,COMPLETED,ScanResultPublished,https://github.com/praviniactest/ServiceOneIntAction,a6c15a1419dea56f1dd42176898355133fd2d98a,"{
  ""default_branch"": ""main"",
  ""full_name"": ""praviniactest/ServiceOneIntAction"",
  ""id"": 502256832,
  ""name"": ""ServiceOneIntAction"",
  ""updated_time"": ""2022-06-11T05:15:03Z"",
  ""url"": ""https://github.com/praviniactest/ServiceOneIntAction"",
  ""visibility"": ""public""
}",main,,"{
  ""cloud_types"": [
    ""AWS""
  ],
  ""resource_types"": [
    ""aws_s3_bucket""
  ],
  ""template_types"": [
    ""terraform""
  ]
}",iactest,2022-06-10T22:20:08.449Z,2022-06-10T22:20:43.512Z,,{}
61a002ab-b164-4851-8bd2-8000f3a96d09,29c3501c-da12-460c-93f5-406369f71b35,CICD,GITHUB_ACTION,Build,14,"{
  ""action"": ""iac-scan"",
  ""externalId"": 2476836505,
  ""trigger_type"": ""workflow_dispatch"",
  ""workflow"": ""Test""
}",822b6482-09b0-428f-b808-772fb65224b2,COMPLETED,ScanResultPublished,https://github.com/praviniactest/OneResourceOrgtwo,a6c15a1419dea56f1dd42176898355133fd2d98a,"{
  ""default_branch"": ""main"",
  ""full_name"": ""praviniactest/OneResourceOrgtwo"",
  ""id"": 501535174,
  ""name"": ""OneResourceOrgtwo"",
  ""updated_time"": ""2022-06-09T06:42:52Z"",
  ""url"": ""https://github.com/praviniactest/OneResourceOrgtwo"",
  ""visibility"": ""public""
}",main,,"{
  ""cloud_types"": [
    ""AWS""
  ],
  ""resource_types"": [
    ""aws_s3_bucket""
  ],
  ""template_types"": [
    ""terraform""
  ]
}",iactest,2022-06-10T11:35:10.367Z,2022-06-10T11:35:42.577Z,,{}
ea86b5d3-9b0d-42e5-9ae4-09c26209bdcc,29c3501c-da12-460c-93f5-406369f71b35,CICD,GITHUB_ACTION,Build,13,"{
  ""action"": ""iac-scan"",
  ""externalId"": 2476810823,
  ""trigger_type"": ""workflow_dispatch"",
  ""workflow"": ""Test""
}",822b6482-09b0-428f-b808-772fb65224b2,COMPLETED,ScanResultPublished,https://github.com/praviniactest/OneResourceOrgtwo,a6c15a1419dea56f1dd42176898355133fd2d98a,"{
  ""default_branch"": ""main"",
  ""full_name"": ""praviniactest/OneResourceOrgtwo"",
  ""id"": 501535174,
  ""name"": ""OneResourceOrgtwo"",
  ""updated_time"": ""2022-06-09T06:42:52Z"",
  ""url"": ""https://github.com/praviniactest/OneResourceOrgtwo"",
  ""visibility"": ""public""
}",main,,"{
  ""cloud_types"": [
    ""AWS""
  ],
  ""resource_types"": [
    ""aws_s3_bucket""
  ],
  ""template_types"": [
    ""terraform""
  ]
}",iactest,2022-06-10T11:29:44.081Z,2022-06-10T11:30:08.492Z,,{}
9544d5a2-1db9-468f-9ac6-ec91e71ea1ec,29c3501c-da12-460c-93f5-406369f71b35,CICD,GITHUB_ACTION,Build,12,"{
  ""action"": ""iac-scan"",
  ""externalId"": 2476801419,
  ""trigger_type"": ""workflow_dispatch"",
  ""workflow"": ""Test""
}",822b6482-09b0-428f-b808-772fb65224b2,FAILED,PolicyEvaluationFailed,https://github.com/praviniactest/OneResourceOrgtwo,a6c15a1419dea56f1dd42176898355133fd2d98a,"{
  ""default_branch"": ""main"",
  ""full_name"": ""praviniactest/OneResourceOrgtwo"",
  ""id"": 501535174,
  ""name"": ""OneResourceOrgtwo"",
  ""updated_time"": ""2022-06-09T06:42:52Z"",
  ""url"": ""https://github.com/praviniactest/OneResourceOrgtwo"",
  ""visibility"": ""public""
}",main,,"{
  ""cloud_types"": [
    ""AWS""
  ],
  ""resource_types"": [
    ""aws_s3_bucket""
  ],
  ""template_types"": [
    ""terraform""
  ]
}",iactest,2022-06-10T11:27:49.94Z,2022-06-10T11:28:25.502Z,,{}
5e2c6959-a0ee-4bc9-a5f6-63d0d2212b73,29c3501c-da12-460c-93f5-406369f71b35,CICD,GITHUB_ACTION,Build,11,"{
  ""action"": ""iac-scan"",
  ""externalId"": 2476765756,
  ""trigger_type"": ""workflow_dispatch"",
  ""workflow"": ""Test""
}",822b6482-09b0-428f-b808-772fb65224b2,COMPLETED,ScanResultPublished,https://github.com/praviniactest/OneResourceOrgtwo,a6c15a1419dea56f1dd42176898355133fd2d98a,"{
  ""default_branch"": ""main"",
  ""full_name"": ""praviniactest/OneResourceOrgtwo"",
  ""id"": 501535174,
  ""name"": ""OneResourceOrgtwo"",
  ""updated_time"": ""2022-06-09T06:42:52Z"",
  ""url"": ""https://github.com/praviniactest/OneResourceOrgtwo"",
  ""visibility"": ""public""
}",main,,"{
  ""cloud_types"": [
    ""AWS""
  ],
  ""resource_types"": [
    ""aws_s3_bucket""
  ],
  ""template_types"": [
    ""terraform""
  ]
}",iactest,2022-06-10T11:20:13.488Z,2022-06-10T11:20:47.047Z,,{}
180b9d9a-93f0-47d2-844d-80a4f1c06a15,29c3501c-da12-460c-93f5-406369f71b35,CICD,GITHUB_ACTION,Build,10,"{
  ""action"": ""iac-scan"",
  ""externalId"": 2476715755,
  ""trigger_type"": ""workflow_dispatch"",
  ""workflow"": ""Test""
}",822b6482-09b0-428f-b808-772fb65224b2,COMPLETED,ScanResultPublished,https://github.com/praviniactest/OneResourceOrgtwo,a6c15a1419dea56f1dd42176898355133fd2d98a,"{
  ""default_branch"": ""main"",
  ""full_name"": ""praviniactest/OneResourceOrgtwo"",
  ""id"": 501535174,
  ""name"": ""OneResourceOrgtwo"",
  ""updated_time"": ""2022-06-09T06:42:52Z"",
  ""url"": ""https://github.com/praviniactest/OneResourceOrgtwo"",
  ""visibility"": ""public""
}",main,,"{
  ""cloud_types"": [
    ""AWS""
  ],
  ""resource_types"": [
    ""aws_s3_bucket""
  ],
  ""template_types"": [
    ""terraform""
  ]
}",iactest,2022-06-10T11:09:09.356Z,2022-06-10T11:09:41.479Z,,{}
f6db9fe9-ab81-4599-bb8e-5da4db4a502b,29c3501c-da12-460c-93f5-406369f71b35,CICD,GITHUB_ACTION,Build,9,"{
  ""action"": ""iac-scan"",
  ""externalId"": 2476611123,
  ""trigger_type"": ""workflow_dispatch"",
  ""workflow"": ""Test""
}",822b6482-09b0-428f-b808-772fb65224b2,COMPLETED,ScanResultPublished,https://github.com/praviniactest/OneResourceOrgtwo,a6c15a1419dea56f1dd42176898355133fd2d98a,"{
  ""default_branch"": ""main"",
  ""full_name"": ""praviniactest/OneResourceOrgtwo"",
  ""id"": 501535174,
  ""name"": ""OneResourceOrgtwo"",
  ""updated_time"": ""2022-06-09T06:42:52Z"",
  ""url"": ""https://github.com/praviniactest/OneResourceOrgtwo"",
  ""visibility"": ""public""
}",main,,"{
  ""cloud_types"": [
    ""AWS""
  ],
  ""resource_types"": [
    ""aws_s3_bucket""
  ],
  ""template_types"": [
    ""terraform""
  ]
}",iactest,2022-06-10T10:46:23.34Z,2022-06-10T10:46:57.47Z,,{}
6fdbf982-aa4d-479f-9c7e-075f2f885212,29c3501c-da12-460c-93f5-406369f71b35,CICD,GITHUB_ACTION,Build,8,"{
  ""action"": ""iac-scan"",
  ""externalId"": 2476418188,
  ""trigger_type"": ""workflow_dispatch"",
  ""workflow"": ""Test""
}",822b6482-09b0-428f-b808-772fb65224b2,COMPLETED,ScanResultPublished,https://github.com/praviniactest/OneResourceOrgtwo,a6c15a1419dea56f1dd42176898355133fd2d98a,"{
  ""default_branch"": ""main"",
  ""full_name"": ""praviniactest/OneResourceOrgtwo"",
  ""id"": 501535174,
  ""name"": ""OneResourceOrgtwo"",
  ""updated_time"": ""2022-06-09T06:42:52Z"",
  ""url"": ""https://github.com/praviniactest/OneResourceOrgtwo"",
  ""visibility"": ""public""
}",main,,"{
  ""cloud_types"": [
    ""AWS""
  ],
  ""resource_types"": [
    ""aws_s3_bucket""
  ],
  ""template_types"": [
    ""terraform""
  ]
}",iactest,2022-06-10T10:05:27.327Z,2022-06-10T10:05:56.382Z,,{}
255997c0-0d99-4c9a-99a9-9914f3e70e50,29c3501c-da12-460c-93f5-406369f71b35,CICD,GITHUB_ACTION,Build,7,"{
  ""action"": ""iac-scan"",
  ""externalId"": 2476398138,
  ""trigger_type"": ""workflow_dispatch"",
  ""workflow"": ""Test""
}",822b6482-09b0-428f-b808-772fb65224b2,FAILED,PolicyEvaluationFailed,https://github.com/praviniactest/OneResourceOrgtwo,a6c15a1419dea56f1dd42176898355133fd2d98a,"{
  ""default_branch"": ""main"",
  ""full_name"": ""praviniactest/OneResourceOrgtwo"",
  ""id"": 501535174,
  ""name"": ""OneResourceOrgtwo"",
  ""updated_time"": ""2022-06-09T06:42:52Z"",
  ""url"": ""https://github.com/praviniactest/OneResourceOrgtwo"",
  ""visibility"": ""public""
}",main,,"{
  ""cloud_types"": [
    ""AWS""
  ],
  ""resource_types"": [
    ""aws_s3_bucket""
  ],
  ""template_types"": [
    ""terraform""
  ]
}",iactest,2022-06-10T10:01:35.177Z,2022-06-10T10:02:15.052Z,,{}
852c9af4-0390-47da-a87d-5c682bc1d750,29c3501c-da12-460c-93f5-406369f71b35,CICD,GITHUB_ACTION,Build,6,"{
  ""action"": ""iac-scan"",
  ""externalId"": 2476362117,
  ""trigger_type"": ""workflow_dispatch"",
  ""workflow"": ""Test""
}",822b6482-09b0-428f-b808-772fb65224b2,FAILED,PolicyEvaluationFailed,https://github.com/praviniactest/OneResourceOrgtwo,a6c15a1419dea56f1dd42176898355133fd2d98a,"{
  ""default_branch"": ""main"",
  ""full_name"": ""praviniactest/OneResourceOrgtwo"",
  ""id"": 501535174,
  ""name"": ""OneResourceOrgtwo"",
  ""updated_time"": ""2022-06-09T06:42:52Z"",
  ""url"": ""https://github.com/praviniactest/OneResourceOrgtwo"",
  ""visibility"": ""public""
}",main,,"{
  ""cloud_types"": [
    ""AWS""
  ],
  ""resource_types"": [
    ""aws_s3_bucket""
  ],
  ""template_types"": [
    ""terraform""
  ]
}",iactest,2022-06-10T09:54:14.581Z,2022-06-10T09:54:51.111Z,,{}
f33f4e9b-0f74-48d9-ba0a-8789a31828c4,29c3501c-da12-460c-93f5-406369f71b35,CICD,GITHUB_ACTION,Build,5,"{
  ""action"": ""iac-scan"",
  ""externalId"": 2476292290,
  ""trigger_type"": ""workflow_dispatch"",
  ""workflow"": ""Test""
}",822b6482-09b0-428f-b808-772fb65224b2,COMPLETED,ScanResultPublished,https://github.com/praviniactest/OneResourceOrgtwo,a6c15a1419dea56f1dd42176898355133fd2d98a,"{
  ""default_branch"": ""main"",
  ""full_name"": ""praviniactest/OneResourceOrgtwo"",
  ""id"": 501535174,
  ""name"": ""OneResourceOrgtwo"",
  ""updated_time"": ""2022-06-09T06:42:52Z"",
  ""url"": ""https://github.com/praviniactest/OneResourceOrgtwo"",
  ""visibility"": ""public""
}",main,,"{
  ""cloud_types"": [
    ""AWS""
  ],
  ""resource_types"": [
    ""aws_s3_bucket""
  ],
  ""template_types"": [
    ""terraform""
  ]
}",iactest,2022-06-10T09:37:50.751Z,2022-06-10T09:38:20.224Z,,{}
b7db33fe-a643-4a80-bf21-a71357955a5b,29c3501c-da12-460c-93f5-406369f71b35,CICD,GITHUB_ACTION,Build,4,"{
  ""action"": ""iac-scan"",
  ""externalId"": 2476193179,
  ""trigger_type"": ""workflow_dispatch"",
  ""workflow"": ""Test""
}",822b6482-09b0-428f-b808-772fb65224b2,COMPLETED,ScanResultPublished,https://github.com/praviniactest/OneResourceOrgtwo,a6c15a1419dea56f1dd42176898355133fd2d98a,"{
  ""default_branch"": ""main"",
  ""full_name"": ""praviniactest/OneResourceOrgtwo"",
  ""id"": 501535174,
  ""name"": ""OneResourceOrgtwo"",
  ""updated_time"": ""2022-06-09T06:42:52Z"",
  ""url"": ""https://github.com/praviniactest/OneResourceOrgtwo"",
  ""visibility"": ""public""
}",main,,"{
  ""cloud_types"": [
    ""AWS""
  ],
  ""resource_types"": [
    ""aws_s3_bucket""
  ],
  ""template_types"": [
    ""terraform""
  ]
}",iactest,2022-06-10T09:16:02.552Z,2022-06-10T09:16:31.855Z,,{}
779e10c1-4e9e-462f-a119-df2cdba01459,29c3501c-da12-460c-93f5-406369f71b35,CICD,GITHUB_ACTION,Build,3,"{
  ""action"": ""iac-scan"",
  ""externalId"": 2476084797,
  ""trigger_type"": ""workflow_dispatch"",
  ""workflow"": ""Test""
}",822b6482-09b0-428f-b808-772fb65224b2,COMPLETED,ScanResultPublished,https://github.com/praviniactest/OneResourceOrgtwo,a6c15a1419dea56f1dd42176898355133fd2d98a,"{
  ""default_branch"": ""main"",
  ""full_name"": ""praviniactest/OneResourceOrgtwo"",
  ""id"": 501535174,
  ""name"": ""OneResourceOrgtwo"",
  ""updated_time"": ""2022-06-09T06:42:52Z"",
  ""url"": ""https://github.com/praviniactest/OneResourceOrgtwo"",
  ""visibility"": ""public""
}",main,,"{
  ""cloud_types"": [
    ""AWS""
  ],
  ""resource_types"": [
    ""aws_s3_bucket""
  ],
  ""template_types"": [
    ""terraform""
  ]
}",iactest,2022-06-10T08:54:17.488Z,2022-06-10T08:54:48.149Z,,{}
b3301ecc-895c-424f-8cfd-5a32f2a9741a,29c3501c-da12-460c-93f5-406369f71b35,CICD,GITHUB_ACTION,Build,2,"{
  ""action"": ""iac-scan"",
  ""externalId"": 2475984709,
  ""trigger_type"": ""workflow_dispatch"",
  ""workflow"": ""Test""
}",822b6482-09b0-428f-b808-772fb65224b2,COMPLETED,ScanResultPublished,https://github.com/praviniactest/OneResourceOrgtwo,a6c15a1419dea56f1dd42176898355133fd2d98a,"{
  ""default_branch"": ""main"",
  ""full_name"": ""praviniactest/OneResourceOrgtwo"",
  ""id"": 501535174,
  ""name"": ""OneResourceOrgtwo"",
  ""updated_time"": ""2022-06-09T06:42:52Z"",
  ""url"": ""https://github.com/praviniactest/OneResourceOrgtwo"",
  ""visibility"": ""public""
}",main,,"{
  ""cloud_types"": [
    ""AWS""
  ],
  ""resource_types"": [
    ""aws_s3_bucket""
  ],
  ""template_types"": [
    ""terraform""
  ]
}",iactest,2022-06-10T08:34:48.827Z,2022-06-10T08:35:11.152Z,,{}
3c54aabe-7b4e-4ed2-a78c-81ff99b4aa9b,29c3501c-da12-460c-93f5-406369f71b35,CICD,GITHUB_ACTION,Build,1,"{
  ""action"": ""iac-scan"",
  ""externalId"": 2475978191,
  ""trigger_type"": ""workflow_dispatch"",
  ""workflow"": ""Test""
}",822b6482-09b0-428f-b808-772fb65224b2,COMPLETED,ScanResultPublished,https://github.com/praviniactest/OneResourceOrgtwo,a6c15a1419dea56f1dd42176898355133fd2d98a,"{
  ""default_branch"": ""main"",
  ""full_name"": ""praviniactest/OneResourceOrgtwo"",
  ""id"": 501535174,
  ""name"": ""OneResourceOrgtwo"",
  ""updated_time"": ""2022-06-09T06:42:52Z"",
  ""url"": ""https://github.com/praviniactest/OneResourceOrgtwo"",
  ""visibility"": ""public""
}",main,,"{
  ""cloud_types"": [
    ""AWS""
  ],
  ""resource_types"": [
    ""aws_s3_bucket""
  ],
  ""template_types"": [
    ""terraform""
  ]
}",iactest,2022-06-10T08:33:32.37Z,2022-06-10T08:34:01.117Z,,{}
c0c95cbb-351e-48d9-9b6a-abc95d186c78,29c3501c-da12-460c-93f5-406369f71b35,CICD,GITHUB_ACTION,Build,25,"{
  ""action"": ""iac-scan"",
  ""externalId"": 2473837214,
  ""trigger_type"": ""workflow_dispatch"",
  ""user_avatar"": ""https://avatars.githubusercontent.com/u/103730049?v=4"",
  ""user_url"": ""https://github.com/iactest"",
  ""workflow"": ""Test""
}",3a6c0fa2-b392-4673-8687-78fd08563752,COMPLETED,ScanResultPublished,https://github.com/iactest/int_workflow,9b8a2b3a90d9ebe701eccd4b0d9d84f563f20e64,"{
  ""default_branch"": ""main"",
  ""full_name"": ""iactest/int_workflow"",
  ""id"": 499050477,
  ""name"": ""int_workflow"",
  ""updated_time"": ""2022-06-02T08:17:43Z"",
  ""url"": ""https://github.com/iactest/int_workflow"",
  ""visibility"": ""public""
}",main,,"{
  ""cloud_types"": [
    ""AWS""
  ],
  ""resource_types"": [
    ""aws_s3_bucket""
  ],
  ""template_types"": [
    ""terraform""
  ]
}",iactest,2022-06-10T01:45:15.396Z,2022-06-10T01:45:44.154Z,,{}
4782b5bc-2185-4b1a-acd0-957b44174f64,29c3501c-da12-460c-93f5-406369f71b35,CICD,GITHUB_ACTION,Build,17,"{
  ""action"": ""iac-scan"",
  ""externalId"": 2468694969,
  ""trigger_type"": ""workflow_dispatch"",
  ""user_avatar"": ""https://avatars.githubusercontent.com/u/103730049?v=4"",
  ""user_url"": ""https://github.com/iactest"",
  ""workflow"": ""Test""
}",3a6c0fa2-b392-4673-8687-78fd08563752,COMPLETED,ScanResultPublished,https://github.com/iactest/int_workflow,610f4db9e15123d88eb54a7a5be29ea4559a4b1c,"{
  ""default_branch"": ""main"",
  ""full_name"": ""iactest/int_workflow"",
  ""id"": 499050477,
  ""name"": ""int_workflow"",
  ""updated_time"": ""2022-06-02T08:17:43Z"",
  ""url"": ""https://github.com/iactest/int_workflow"",
  ""visibility"": ""public""
}",main,,"{
  ""cloud_types"": [
    ""AWS"",
    ""AZURE"",
    ""GCP""
  ],
  ""resource_types"": [
    ""aws_s3_bucket"",
    ""azurerm_postgresql_server"",
    ""azurerm_postgresql_configuration"",
    ""google_compute_instance""
  ],
  ""template_types"": [
    ""terraform""
  ]
}",iactest,2022-06-09T06:32:46.611Z,2022-06-09T06:33:13.211Z,,{}
